{
  "MAE": 118.74981689453125,
  "RMSE": 146.37489318847656,
  "MAPE": 166.1261749267578
}