{
  "MAE": 128.17349243164062,
  "RMSE": 159.2556915283203,
  "MAPE": 74.10424041748047
}